{
  "className": "Atmosphere",
  "properties": {
    "Color": [
      0.7803921699523926,
      0.7803921699523926,
      0.7803921699523926
    ],
    "Decay": [
      0.4156862795352936,
      0.43921568989753723,
      0.4901960790157318
    ],
    "Density": 0.30000001192092896,
    "Offset": 0.25
  }
}