{
  "className": "SunRaysEffect",
  "properties": {
    "Intensity": 0.009999999776482582,
    "Spread": 0.10000000149011612
  }
}